audio_feature_0,audio_feature_1,audio_feature_2,audio_feature_3,audio_feature_4,audio_feature_5,audio_feature_6,audio_feature_7,audio_feature_8,audio_feature_9,audio_feature_10,audio_feature_11,audio_feature_12,audio_feature_13,audio_feature_14,audio_feature_15,audio_feature_16,audio_feature_17,audio_feature_18,audio_feature_19,audio_feature_20,audio_feature_21,audio_feature_22,audio_feature_23,audio_feature_24,audio_feature_25,audio_feature_26,audio_feature_27,audio_feature_28,audio_feature_29,audio_feature_30,audio_feature_31,audio_feature_32,audio_feature_33,audio_feature_34,audio_feature_35,audio_feature_36,audio_feature_37,audio_feature_38,audio_feature_39,audio_feature_40,audio_feature_41,audio_feature_42,audio_feature_43,audio_feature_44,audio_feature_45,audio_feature_46,audio_feature_47,label,member,phrase,augmentation
1.1305798740896962,-0.9240855819916509,0.8701442756260301,-0.757593711327254,0.1396796325509979,-1.6569602389699927,-0.8858244780702976,-1.2678096313513476,-0.7760827807638881,-0.8988552381855023,-0.3607292083484226,-0.7726625847511864,-0.8911436686321278,-1.0190669159286823,-0.9582230274530946,-0.9034484626977557,-0.9551300476336506,-1.0207318752857344,-0.9891729420366858,-0.9291833990244027,-1.0230579360663066,-0.8074433270365838,-1.0266268243201502,-1.098759151782863,-0.9199076934165343,-0.9659607532776723,0.68781159124147,-0.9563894213396,0.9935370615174282,-0.9573269938639497,1.1264720552430658,-1.0466950129901689,-0.5763877519627085,-1.0842752312379886,1.3695983218218812,0.004920500823687901,-1.377041876956883,-1.3674448999961657,-1.309663022866591,-1.437287716633273,-1.3577271607150465,-1.6869455057259632,-1.3411475178616952,-1.475600487043454,-1.2683766004244539,-0.5649327538402601,1.7145675000072786,0.054927305768974456,member6_yes_approve_original,member6,yes_approve,original
0.8646674612788975,-0.9376345485614656,0.4122119181224768,-1.115277393024433,-0.6113708035094041,-2.1099277927568725,-1.44613258480379,-1.1590129742275959,-0.8373687407067358,-0.005718151843308835,-0.4471214220138579,-0.32183193710990593,-2.0108238599566093,-0.9253484942292212,-0.8731529772763211,-0.8258946007126613,-0.9059865033105093,-1.00092018630733,-0.9483825235375307,-0.8464834324152878,-0.9640777356906116,-0.7177013957965876,-1.026477723721839,-0.8684550149283291,-0.7954600814924343,-0.8292728984492852,0.2010919855993894,-1.0508114519797944,0.6836645079500426,-0.9151530202076379,0.8140631567310913,-0.9955845380778388,-0.6266371477059275,-1.1367169973753628,1.160166740245427,0.0315860906412128,2.3156214296467135,-0.1454824267212906,-1.2822434534859721,-1.4414613826134908,-1.3678951401329613,-1.7710808455127809,-1.3532754003676182,-1.4198556574300563,-1.2992887224856118,-1.615923036017101,-1.4282201929135925,-0.5797533189916324,member6_yes_approve_pitch_shift,member6,yes_approve_pitch,shift
0.9309902270095293,-0.8615919201470918,1.0634375975006896,-0.653910847704476,0.10875450696597191,-1.8057236367412617,-1.0589576479793683,-1.5765069858359395,-0.9666285705718111,-0.965980410074527,-0.42401726770254106,-1.058136813930802,-1.5411662288755894,-0.8918050979699567,-0.9670893734550845,-0.9083107421692039,-0.9617405747561532,-0.9709484794330838,-0.9819588049243076,-0.9075620270978314,-1.0511733001018349,-0.6877334961839693,-1.021186387577507,-0.9704971416514232,-0.9818935665823857,-0.9301561727440749,0.29087807950225575,-1.0064568238850446,0.8122825837904856,-0.966314737283648,1.0322397894580824,-1.0575570737711624,-0.6394711449638215,-1.1156528740141836,1.3562187775444075,-0.04301595420246346,-1.383305031626148,-1.3726097716974786,-1.314230050348207,-1.4419975412153045,-1.361790824558766,-1.6947629115651084,-1.3451147842532867,-1.4802454888890375,-1.273824304666509,-0.5722472898049649,1.7145675000072786,0.04979657560863353,member6_yes_approve_time_stretch,member6,yes_approve_time,stretch
1.2481630322758706,-0.9572285484093841,0.7649695114579198,-0.8136530988329851,0.1492095089673108,-1.5170651529625276,-0.7804044773742436,-1.2161368486691622,-0.7422620923127883,-0.9694848200484173,-0.26519988456924115,-0.8469282112695777,-0.9630659112791669,-1.0218339362724949,-1.010577276634532,-0.9177589841816276,-0.9876346918379756,-1.0390774085633616,-1.0241643275497663,-0.9543063046260453,-1.1416285796395385,-1.0495904915340155,-1.1168073268284342,-1.00780087667607,-1.1630814910146123,-1.0341837687492377,0.895277001758674,-0.9821002632737637,1.0702435404452246,-1.0095101671526954,1.1412779955513164,-1.0978913675481163,-0.5038299307483165,-1.090596126711981,1.3792373234542925,0.023063657892061138,-1.3727607830416084,-1.3624242296233589,-1.3051304611293097,-1.4325957671450518,-1.3535326234683878,-1.6815747770330067,-1.3376930665204962,-1.4717069965261222,-1.2642620752415465,-0.5612087464058221,1.7145675000072786,0.05714513668059786,member6_yes_approve_noisy,member6,yes_approve,noisy
0.9279109136811308,-0.8774862575725404,0.9871274596520446,-0.7166933249132598,0.2094441292936375,-1.8180250884121325,-1.0674829783856825,-1.4995751752429127,-0.8629283352261862,-0.8908136342968795,-0.28982847944995943,-0.94173708030352,-1.5461628725521128,-0.9456687459162308,-1.013688292115846,-0.9136170706499811,-0.9524758484342165,-1.0698358735973068,-0.9757312483819032,-0.9410053128686503,-0.8464475072193876,-0.7805770133869562,-1.0199320015971576,-1.1476891697922358,-0.8554200628276385,-0.8163559599486293,0.38115067996837304,-1.0761330259057496,0.8709022097867103,-0.9869707426966735,1.0705880033116522,-1.0340388719505835,-0.6362959087091957,-1.1311211129526852,1.1649012751481052,-0.4776971325055463,-1.384420527703751,-1.3724192746413335,-1.313835121349605,-1.4414030120926598,-1.3601737802768834,-1.6802127777182203,-1.3426273787300158,-1.4805483942873015,-1.2750311606716955,-0.573443049533777,1.7145675000072786,0.04828448630398774,member6_yes_approve_speed_change,member6,yes_approve_speed,change
1.1352121160231152,-0.9323950081445413,1.2075491095788375,0.17526134602678337,1.2124247417531016,0.07822495194655509,0.21992735843420344,-0.07171091933128759,-0.2859064879902101,-1.1526625294290922,-1.0617438011123497,-1.0291777828504358,-0.6355536205720203,-1.0163726642443673,-1.0283168379248728,-0.9367880397108201,-0.9994745538904203,-1.0765766832110442,-0.9787411864680307,-1.0366510689652344,-1.1091172808998702,-1.0128906847945969,-1.0951642815959832,-0.9363223003934267,-1.1491680632743198,-1.0731272075950065,0.6681516697598534,-1.018894715427301,0.9988441081056418,-1.0040831596125588,1.1705869453674482,-1.0745097110493296,-0.5891164161977517,-1.1007979639695056,1.4200584068613946,0.06126806430994661,-1.4190365779175524,-1.3471829117211636,-0.9406948891374107,0.32194474688554137,2.014459966104488,0.006719564000679226,-1.173478986235407,-1.4676698995215793,-1.3008136574626494,-1.607638835015428,-1.4320689284541064,-1.5568365857693112,member6_confirm_transaction_original,member6,confirm_transaction,original
0.8987617165963704,-0.7808112811131017,1.3727816152627084,0.4881578630042547,0.8334383462354776,-0.19255307450362905,-0.501601545953784,-0.8806976376479437,-1.9059264766514301,-1.8115683057337224,-2.016697637892847,-0.8546994876394213,-1.2245957291315759,-0.9376017744890904,-1.038227403025739,-0.9795660270870019,-0.9970130124633977,-0.9743801612291103,-0.9512671683066704,-0.9330740311159876,-1.0135716185221961,-0.7903118292389346,-0.9297786042080348,-0.9442833828965805,-0.7864124220945179,-1.1450588549766025,0.12526145471431283,-1.1613547257040748,0.6667605817801756,-1.0167666392006538,0.8640418571220881,-1.0616492481691544,-0.671520103127055,-1.1326394664762771,1.203200477650646,0.11658632846352046,-1.4195156123636619,-1.275893641534798,-1.2991874048618055,-1.4306383392645272,-1.2018312243954536,0.6342161227213851,2.067286094199855,-0.09753915410789378,-1.2112365133883018,-1.611392576956148,-1.4539401302778763,-1.651872396865961,member6_confirm_transaction_pitch_shift,member6,confirm_transaction_pitch,shift
0.9331005771290496,-0.8494077794554886,1.488843749915262,0.433904090653037,1.3824010640724143,0.26808219757505886,0.18537373588222775,-0.35238728028503497,-0.48910295483776123,-1.5707889666699222,-1.4211739629824622,-1.150129573671597,-0.9451085289122075,-0.8898257755925163,-1.0664796805161154,-0.9602749321608387,-1.0141664104465404,-1.0332565442470476,-0.8933482794401,-1.0092878463450687,-1.094617296736063,-0.8540591717535037,-1.0524614585219916,-0.9089886165105691,-0.9934635580715111,-0.9946287833371938,0.2493132083268423,-1.0395296102611415,0.8143013908645516,-0.9955069069101309,1.0806053832410512,-1.0688440707160427,-0.6614432439409792,-1.1040603804891278,1.4072122143199592,0.025800470065928973,-1.4261097427889602,-1.3559354362762102,-0.9494280028744803,0.3154617511746721,2.014459966104488,0.0005616252718977114,-1.1795303955284397,-1.4743960204280813,-1.3063806083699903,-1.6140765134206043,-1.437103651707605,-1.56420011451707,member6_confirm_transaction_time_stretch,member6,confirm_transaction_time,stretch
1.252715429685367,-0.9760139716274022,1.0049014266081144,0.024503514714168888,1.1953425870641268,0.15420977848098533,0.2853604546102628,0.06846526695530775,-0.13122900913337998,-0.8669175740565868,-0.783654329613433,-1.0758881171947825,-0.4881029577759849,-1.0210705326639171,-1.0780562819276762,-0.9786968319381849,-0.9663558082699507,-0.9876568923623334,-1.0903127878036005,-1.086305290022262,-1.1624896126936872,-0.9931108110089165,-1.0158111207734997,-0.9383450503568671,-1.05843867933039,-1.326746274691718,0.8813648113170541,-1.0309250204512008,1.0730444817001157,-1.0378789496715097,1.1797872820896462,-1.1256003282383482,-0.5268479681629067,-1.0924960606390781,1.4313471633148018,0.05565339316881012,-1.4133693948475599,-1.3411169864082901,-0.9350264415508794,0.32592698005643245,2.014459966104488,0.010500631543853672,-1.1692904409047409,-1.4616696514978185,-1.294974965559144,-1.6006637262407815,-1.4271544430460197,-1.551371687440238,member6_confirm_transaction_noisy,member6,confirm_transaction,noisy
0.9245140106158997,-0.8848515629192796,1.478571433736867,0.3492721127520022,1.233405054579708,-0.03587833488066012,0.18808187676264074,-0.16053743935759812,-0.6764836293925368,-1.8437589684051894,-1.459955029113383,-1.2753508193228793,-0.8658770921117439,-0.9382627052589703,-1.0702318223792089,-1.0035601940675452,-0.9993375809186755,-1.0744059169015898,-0.9844612457895754,-0.8576521148512266,-1.0526565120825733,-0.913726680613593,-0.9206369436190266,-0.7525197564343851,-0.9327421103046368,-0.9928613672312735,0.3501836345424631,-1.1304935478644467,0.8738413553798358,-1.0301766580682836,1.115782550520118,-1.0844345588825708,-0.6567942693403245,-1.125328707348581,1.2169257406051177,-0.4288801708048826,-1.4245573406916616,-1.3561639661417508,-0.9490571594541249,0.314919497508864,2.014459966104488,-0.0009534978472634659,-1.1806278654634197,-1.4750045890571983,-1.30656565616871,-1.6140243228264448,-1.4349604577981154,-1.5534569977452914,member6_confirm_transaction_speed_change,member6,confirm_transaction_speed,change
-0.6091189769130588,1.0910800040039546,-0.17733449041676158,-0.8704912101368403,-0.6946054265394385,0.8512958887298671,1.765759313362832,-0.1406460537676225,1.2926212236048893,0.8995182161555536,0.7016753366586655,1.3671709242786916,0.7055090600565718,0.900849153893199,0.583395898305728,0.13271784515700857,0.14659203847427182,0.2721916022678569,-0.06499050799098585,0.1271720906776155,1.0837140098299731,0.20742211990610335,0.6278992847896224,0.6731496861937181,0.9571579880467094,0.18714099610480836,-0.7580271863642859,0.7723029935296302,-0.7831578096597641,1.2246000770809442,-0.4790367916808231,1.1825855324112222,-0.2855389682505325,0.44011460737223435,-0.7801570546824436,-0.12130683204136551,0.773025860911111,0.8298892903047572,0.8600958788781445,1.0094322724542302,0.8409967805515233,0.8143128531549281,0.37779088137620903,0.7417619564759285,0.7234299966960753,0.8368522932925548,0.34761868199449175,0.82934267008955,member3_yes_approve_original,member3,yes_approve,original
-0.7240522891870611,1.0372902652697422,-0.5742504916535788,-0.9123322872686531,-0.7945802070415395,1.7314988232693131,0.7162344473042609,-0.6082119087362032,1.1108208474365517,0.21484643116931296,1.9660858626470459,0.9796218274685428,0.17256321254128992,0.8411587227473758,0.22797670702157302,0.14034133997758155,0.6318126430349899,0.055661761096626836,0.05886428537579973,0.09210153597790573,1.0650653297044521,0.36192715183373814,0.8997889017462452,1.361813462458766,-0.7369986897250689,0.7616644590570955,-0.7925568787144757,0.07080340908831813,-0.8245278253929315,0.6139444877668578,-0.5754644114014891,0.7249378923430859,-0.2983611102127373,-0.32016328795086446,-0.810067592286078,-0.7500412875372628,0.8176795876749087,1.216403883435706,0.7668561845598036,0.4661838717728462,0.3324694913549632,0.8611255343767508,0.5909411020660245,0.49947896984505513,0.48766246546321484,0.27188576966415545,0.07626972845244062,0.3176499473194024,member3_yes_approve_pitch_shift,member3,yes_approve_pitch,shift
-0.7251467001189302,1.0550938658087123,0.03168492210572415,-0.7462534131397619,-0.8775577732902157,0.5519318132580605,1.656345956844638,-0.20204827620529167,1.1850172300858313,0.3577652975540858,0.6327818838282361,1.637547039744387,0.4501927121064176,0.8801088943077175,0.22201556139778944,0.4583799250819466,0.3916085009782642,0.32619101174549664,-0.20778369583069856,-0.1129006130538923,1.4489310179607577,0.45534983553926556,0.45574344035267084,0.7494109704595658,0.7146918387259326,-0.14537153725062577,-0.7865668338738404,0.21770678931566198,-0.7884730881341072,0.9774412638853359,-0.44483157415580743,0.993425196509769,-0.3249485866786053,-0.2992418923399575,-0.8124292089595142,-0.9879559743407585,0.8578375586661647,0.5849579010556399,0.46862320471177604,0.5233586546866266,0.54156209171262,0.5849080423042181,0.2663700628172337,0.5712776223256346,0.3997199413407375,0.5167076954944053,0.23482382911435135,0.9888667116664274,member3_yes_approve_time_stretch,member3,yes_approve_time,stretch
0.893048338627312,-1.3124533174684918,-0.36329017173555633,-1.4978327159387512,0.1354802282937839,-0.6822314046568063,0.24871864991078008,0.47168183476241776,0.6678580866744296,0.6081818752301796,1.0515229419993453,0.23829800118454927,1.5172690754959743,-0.7841959167407462,-0.6194115545916833,-0.7376904521000994,-0.8827349948715582,-0.767373092040558,-0.756967375457003,-0.9202624162401815,-0.8652660470715019,-0.4612269471692554,-0.734856954020954,-0.7734341074500429,-0.48443667531427154,-0.7022470705552574,2.0545861709963193,-0.4062957035633219,1.3348028368258635,-0.9712072125818131,0.7451502885915501,-0.7497647488530274,2.6119089445976824,0.49540081198918967,-0.6224598936646797,-1.0892499989831004,1.6428762013297034,1.7319790259465289,1.6194150533513911,1.5689987977557307,1.2496779002886167,1.7021206862732887,0.9832449865222195,1.38489288822285,1.3551973716483539,1.5723179339162574,0.9444511505551687,1.601549929566951,member3_yes_approve_noisy,member3,yes_approve,noisy
-0.745077184803349,1.0507444975602316,-0.16106330447820036,-0.7400195706352923,-0.7268859065789589,0.7102984669327688,1.7435697988086687,-0.3349977877886041,1.1455307145152143,0.2625116425241673,0.3529951811600444,1.277487696990532,-0.12207054672393049,0.8138647474294829,0.32686068926986495,0.3139617252767298,0.35671545866892945,0.2769243124627125,-0.18566927167513195,0.05000617530578775,1.5163090690210406,0.22744443326246455,0.8274715237402048,0.8214262580970156,1.1571441700242466,0.4124491411971847,-0.7936664286506986,0.4139153990210856,-0.8079882231834117,1.0991285051305597,-0.4918252121619091,1.2102233027756806,-0.32559167250232696,-0.14879881615961374,-0.809624678527109,-0.8094642295424683,0.8067297801165003,0.668474188787538,0.548291319145202,0.6179935349222944,0.5264984499214196,0.6469586043679902,0.2745975725014554,0.5088057623916981,0.3894804949086298,0.42329392243998765,0.07814029284089583,0.6980712834363495,member3_yes_approve_speed_change,member3,yes_approve_speed,change
-0.6520870526157796,1.1116491696677855,-0.5659810651315226,-0.3099041457060101,-1.2468398908502,1.5649401690590283,1.456760144755398,0.970353028365493,1.6432002135043602,0.597241940943831,0.6384739228222913,2.012260011726597,0.6527107215706784,0.5903517312081359,0.6666879476524638,0.08981908396546759,0.09304102067354582,0.7977060603804649,1.1775604878675774,0.2836452607236122,0.14937837701530343,-0.1423547786898351,0.6112630693927146,0.07257148248214129,0.8094589640009332,0.6473485548131094,-0.8284640801805621,0.5051314361710926,-0.9169978675151098,0.64290733161455,-0.7408736168712513,0.7435348347776742,-0.302783561954331,0.003492194733893631,-0.7837353331975748,-0.14620294209953388,0.599653720907064,0.7032372797844454,0.7570722064277703,0.7047742005970214,0.13501976688276576,0.1574852493769874,0.3549845292351923,0.8744810756152307,0.8598234128910422,1.0818818514548874,0.4619508165876953,0.5955877862386041,member3_confirm_transaction_original,member3,confirm_transaction,original
-0.7671986327066639,1.0165513558951333,-0.8790765343690377,-0.6727733068746683,-1.3626303471187466,2.481985813828168,0.41205079610621986,0.959824564909948,0.7731458477516734,0.005563354192881984,2.090164925269805,1.249320420519055,-1.463160605761803,0.5607034616817119,0.4098249620505263,-0.09707155404017767,-0.03891379166967045,0.7922828764368136,1.2417486098828687,0.8968095961448102,0.09201260674160204,0.14627326787528355,0.3191847020735021,0.6645290752133625,0.49074350188191,1.0483036725070687,-0.73470523749319,0.29408131643263047,-0.7882632905362141,0.649598421970982,-0.6559583921427687,0.6004952237604474,-0.22083835086659476,0.09472918233104823,-0.8203678115249958,-0.9501518309815405,0.9095983269487015,0.8868460469151003,0.6788790965348366,0.41411654636881196,0.34985751007385507,0.4262074082773496,-0.131532612271477,0.05952098211214803,0.2943812414017923,0.43396456745825907,0.04356706361898532,0.4377527120733505,member3_confirm_transaction_pitch_shift,member3,confirm_transaction_pitch,shift
-0.7959382956175061,1.1198545492127732,-0.5673439558752293,-0.03693079274635237,-1.5684292412947078,1.5698353197464778,1.314443758354869,1.1234824117489899,1.747309964564435,0.45043446917423063,0.8587678232649816,2.215459939269047,0.5351416173897041,0.6237638909790789,0.34260043504606663,0.1670560014773839,-0.03209499681473311,0.657136374607607,1.3191657387200748,0.298642890395259,0.1796098105041575,-0.13284368398383187,0.8034455650802459,0.23980079465001283,0.925096340049351,0.3370372215105696,-0.8680291901006806,0.0831837584593336,-0.9030104058416657,0.47787420755968335,-0.7364199287518362,0.48309716046910917,-0.32634353901264834,-0.15732092549907095,-0.8136276674669711,-0.8458524108077821,0.5294636076860163,0.38584904928502667,0.43368034488558643,0.5382099844728001,-0.10113145913612531,-0.17246776035823472,0.1893419014058978,0.7722911237838272,0.6897945727759293,0.791338865312517,0.3284205403500502,0.47444721391809663,member3_confirm_transaction_time_stretch,member3,confirm_transaction_time,stretch
0.8893220336951917,-1.315285294372182,-0.35105750727671114,-1.633709190364902,0.08519275004849206,-0.6983359491878735,0.18500784406848378,0.6459290141787716,0.8591397870616762,0.5676720039451719,1.1483217897151436,0.47579665797959714,1.7354119917907997,-0.8538991722866256,-0.7162998200515114,-0.7356691988176934,-0.8751092009397133,-0.7538861299044406,-0.6928478865037219,-0.7966188345893158,-0.8257357585064518,-0.7618971780729662,-0.9417155950622802,-1.0902255641734016,-0.9406335215844172,-0.9569054373916231,2.070587698532733,-0.5465053818033528,1.3400521919621173,-1.0162625345912615,0.7512900852050769,-0.7582302242285471,2.609768210826794,0.6180349095686597,-0.6233111867598321,-1.017897074206564,1.3270007883859896,1.566002914939875,1.4591064871577921,1.3690867679080136,1.0040075759606564,1.090351184928009,0.749145939796928,1.3052904868639916,1.4682131343946359,1.7966304706540939,1.0039687354525229,1.3873094031028168,member3_confirm_transaction_noisy,member3,confirm_transaction,noisy
-0.8120016713333063,1.0844508834176636,-0.628647882698955,-0.06650953135601821,-1.4688344269139704,1.5726096968845813,1.3985338120509858,1.1116531463867865,1.747746668434519,0.3219218037386487,0.46474609655412547,2.0224567772558277,0.5807979702816883,0.5475352516150055,0.4375060064754124,0.13129780321841866,-0.03312783475313457,0.8351099707945009,1.2907480023362277,0.6396712274789529,0.5604080706591009,0.30818110709939156,1.06742549822586,0.1412286870740145,0.9427263861512475,0.39956134590420056,-0.8541803573867195,0.26550830719249763,-0.9221262112354132,0.5655859336005566,-0.7424485448833218,0.5733210358878927,-0.29817502107377264,0.14466310279721578,-0.8144297205004577,-0.8453656822818958,0.5216937030501279,0.485200469806219,0.5316360501174363,0.4548741763705879,-0.03453672802093762,0.01918271818022174,0.2547544121910326,0.7343923334078309,0.766869542323721,0.9965677117931036,0.439178045601112,0.561681932207902,member3_confirm_transaction_speed_change,member3,confirm_transaction_speed,change
-1.335694522297116,1.2638871172511819,-0.11739063277466127,0.2564499248342229,0.3715483587784011,0.004508588460125935,1.0856589234044431,0.8521700660405193,1.2341304694759019,2.1664897748173595,1.7219443710056515,1.715288429248071,0.3988114162579113,0.21326419114180978,0.9124190668043568,0.5021352532182675,0.6597707139311583,0.4546439397268015,0.41182517700931076,0.35110704915401686,0.5477587746609935,-0.14495519428383646,0.0903802762341144,0.18743903657793695,-0.01864515108124695,0.027370287527828985,-0.9067019434107301,1.5347014521210176,-1.0912749334903964,1.6496488008807708,-0.7698873659276004,1.3491964270689918,-0.36436620966012245,0.9319102153617196,-0.8579860463565452,-1.7465662901796637,-0.10098507668407554,0.47355415327200123,1.3149417238961176,0.5924699058620244,-0.28920102286248506,-0.6348066250862626,-0.7737234599126309,-0.7838118193207987,-0.28428335058500437,0.18355116472818495,0.1645729874878658,-0.07273820561362489,member2_yes_approve_original,member2,yes_approve,original
-1.4918335749790175,1.2097527044820287,-0.43459655198407365,0.21005603921856164,0.0010573320398644282,0.446329354058932,0.8294491251631777,0.6124431106986833,1.6088102070802184,1.6593301823487383,1.8458925833738042,0.889549317285631,1.142534986589378,0.18270409648472652,0.8376854031202333,0.5689054879370751,0.77744016117319,1.1126040771787558,0.10270772389026753,0.3699769624764823,0.1607061112867873,-0.16718193388898908,0.3664569438387002,-0.4215183378259095,0.15787307548492308,0.8875891062075245,-0.8523441570171271,1.5709331518522243,-1.0132851072664562,1.6169860506178806,-0.7611330572582755,1.4325417907721705,-0.2975352324065596,1.020605112629307,-0.8668107849349937,-1.902673679191348,0.18315712251257302,0.4992387967598248,-0.02393692984138538,-0.33486161098877576,0.5529304666757401,1.3662102218975796,0.02310878245094146,-0.5314863135419489,-0.5709450793482123,-1.0331005977161367,-0.9868858291145857,-0.5748691601325662,member2_yes_approve_pitch_shift,member2,yes_approve_pitch,shift
-1.5081792526831135,1.2369509907321505,-0.14058577954388488,0.39725281911250915,0.3439948213254911,0.03721796170908881,1.2364291188106282,0.8684646892083533,1.0454537477720065,1.9593594911961127,1.758848376298992,1.9372819989684193,0.5370426531948302,0.18490206111629792,0.8831919522843418,0.5146980172437862,0.7675637369364321,0.5880624168295054,0.5689162075450541,0.45390730643634747,0.4402484847366825,-0.4889958476949634,0.13040675827261883,0.5385478538113662,-0.01556383988663969,0.10578290653813568,-0.9017975991149745,1.4985808639088136,-1.0584832410206304,1.6508476258050806,-0.7603940800925446,1.4059808043174595,-0.33090585458052324,0.833087021642685,-0.8663793663390552,-1.9097331792828927,0.031034861621379955,0.0337078482907237,0.5558679929054529,1.2175054521847788,-0.016114284870435938,-0.7206681234924743,-0.6613655753932871,-0.9131344881109958,-0.7221509532296556,-0.5784793499256511,-0.22776240192104177,0.3013470300964044,member2_yes_approve_time_stretch,member2,yes_approve_time,stretch
0.8442778264330175,-1.486570306460235,-0.7352720079405421,-1.8476899929204365,0.06841057732952474,-0.8862164090877185,0.012181750291179225,0.3959347418353108,0.7526030789327708,0.639279471388101,1.176672591344562,0.1853213124081341,1.5889592004489443,-0.9638796119636193,-1.177951763364408,-1.1259757355291822,-1.0385069343629834,-1.0219887596885266,-1.0647541203898174,-0.9490018478015184,-1.0078307927387866,-0.9666189467546579,-1.0229184966024525,-0.8546046629781088,-0.911331296949372,-0.8260306580799872,2.24500052593661,-1.1330041256055357,1.3819862506672131,-1.0788690179766696,0.6758636633391366,-1.0865686557256873,2.9988727515773275,-0.33585023944768966,-0.6566218416807111,-1.941901080168267,1.5809217396754156,1.845677661334302,1.8322475785684638,1.8869972299673188,1.5048393718068853,1.6601019625646798,1.0115906494606348,1.5205517102921344,1.5649384335476204,1.9036509997974296,1.1790587403069022,1.456905967334757,member2_yes_approve_noisy,member2,yes_approve,noisy
-1.535636065408205,1.2229037556446563,-0.15584455850429865,0.3485551304961522,0.32196065061599116,-0.19511875208312224,1.0741535346373765,0.8825975193354028,1.4421124750600696,2.2278297509975746,1.7058065727675582,1.6942724710037929,0.622226206562563,0.2294394809776602,0.8496074921614056,0.5356232141580144,0.71599935852124,0.5876301380027668,0.4743896241154963,0.5306664157913809,0.5521556179426204,-0.29518391463791877,0.20265637932037323,0.4383523907069279,-0.07460172978178106,0.5977284694675583,-0.9069514400955873,1.4370317861379989,-1.0656675189517262,1.6160990527152737,-0.7559152313286559,1.384192545128768,-0.3205830591448192,0.9345054628791983,-0.8664345188675102,-1.891759845796229,-0.15217229109815125,0.45762305431058004,1.2578625994091404,0.6395706779919703,-0.3320591949934855,-0.786882436565518,-0.8173495066490285,-0.8020287594236607,-0.37778211547424195,-0.06883888728362943,0.13029415953925083,-0.1251899246699191,member2_yes_approve_speed_change,member2,yes_approve_speed,change
-0.7156000034869279,0.9396637417168057,-0.5397307385665013,1.3649187205056006,-0.3909478271972887,-0.5804336296458656,-1.6329027072929305,0.37491760931071577,-0.5701649582830058,0.1565887211617146,-0.05997330257078992,-0.3478071573465763,0.8814060595781491,0.5063878459351343,1.0724355017926503,1.6235472079765283,1.2752229126874244,1.0118407142335624,2.078133365974726,1.7622263213058498,1.3746598161183938,0.9071666780229709,0.9799924368416669,1.4750115649497584,1.1143680089432735,1.2253147383306942,-0.7728908918798004,1.8328222036666795,-0.9907564259711634,1.1690307947108487,-1.179307554248393,0.9130494538041253,-0.016022406216490804,1.544970974454112,-0.7265487204323328,2.250102637632231,-0.021791671175341257,0.2664661786414931,0.41620478695027663,0.6757589015379742,0.2701143866175245,0.3068338115581583,0.08587129176356063,0.6054434988858555,0.574646639017635,0.3004504031243648,-0.20702565413621501,-0.3183434626110045,member5_yes_approve_original,member5,yes_approve,original
-0.8418195065660715,0.8014059175871051,-0.4112642925493854,0.825902266243527,-0.7066797214915191,-1.4063218405612825,-1.5329706633510534,0.859560255783953,-0.9234183125225923,0.29458257019826084,-0.5043740707028282,0.0980664087119682,1.0673507673399318,0.582472282222143,1.0375249721321973,1.4478191419307456,0.9722605581921419,1.0813652180609767,1.430589748654211,1.5726959902559674,1.443950401291801,1.0613934440141515,1.363311900707624,0.37094106957760836,0.8186768227577743,0.6992465879320908,-0.6001034976597279,2.0216225329996385,-0.8081884074142855,1.3525611798789916,-0.8910855953203631,1.100476054369095,0.07044507625305982,1.9770845841400377,-0.7787547171294755,0.7203638778696112,-0.09596176803800037,-0.18284672486764403,-0.03534339034866025,-0.06098335146482094,0.14947869928916566,0.42924332965251516,0.09714645140301642,0.41909475446617106,0.21295961355208012,0.4698036963226163,-0.16273112837065123,0.09301452144694701,member5_yes_approve_pitch_shift,member5,yes_approve_pitch,shift
-0.8521536865573335,0.8319105912850386,-0.3602698197617194,1.3351703979995388,-0.13427788297490256,-0.8727253837458189,-1.6138400960442618,0.21875766521917067,-0.6026566857992289,0.0020344478054689125,-0.018280721257299303,-0.5242870154414411,0.37373480894547906,0.5408171706731737,0.8178754448218173,1.2564273205989314,1.3189103585361444,0.9382036315209215,1.927596234301239,2.073349481366687,1.375031109954431,0.9088654419788512,0.9853120638687555,1.6139902681353586,0.7159322263937868,1.2306843504563523,-0.8021835156601883,1.5537547001509326,-0.9760674067990976,1.0570587621676184,-1.1348627591719358,0.8632455702144358,-0.09308204419082972,1.5353702962653228,-0.7735990290688791,0.8662909263493679,-0.0717269853420993,0.03205820646092676,0.29651951206819044,0.45710879847411834,0.0937674251474507,0.1820500099937694,-0.04158859501248274,0.589320523070596,0.4241391364160792,0.37553690810783086,-0.3504338877493185,-0.4422418613328967,member5_yes_approve_time_stretch,member5,yes_approve_time,stretch
0.8912300183342314,-1.3380864449851295,-0.41594096969198596,-1.4508983214992859,0.17400652781504156,-0.8652566051702552,-0.17282815660715795,0.0437373126767998,0.30165231569599726,0.0500503182625478,1.0045112578612696,0.1222933335164594,1.6065974691020855,-0.784483086112374,-0.690761941989207,-0.73751571253107,-0.6582489043866844,-0.8612526274470867,-0.2823583110986747,-0.2729192013922489,-0.3754034526610265,-0.23097951282058996,-0.3104951596760946,-0.43091678930775795,-0.7472208127882962,-0.5490631848594572,2.0158198109275296,-0.10530190141133136,1.3233054238683002,-0.8238630216386291,0.7408399302997183,-0.6918304673804551,2.4799222928121303,1.438815366360191,-0.5748449072176063,1.112750292746185,1.0567940816410781,1.3898730822231,1.4151307298353835,1.3799690130673132,1.0199790943934923,1.148947587437543,0.7771538372858996,1.4043368107365117,1.3556159308305211,1.4788601559027628,0.621337280695032,0.8315965535828216,member5_yes_approve_noisy,member5,yes_approve,noisy
-0.8935341258568518,0.9578362204865128,-0.7463279544298355,1.586891735480154,-0.483637833814057,-0.6340692352553305,-1.754217183776373,0.49496166414072573,-0.5627973444127691,0.44859840007022633,-0.0013189439017659017,-0.33156900846669984,0.621586677155599,0.5660100472562469,0.9765761227987318,1.4190944970012984,1.2897476136424517,0.8580767771823828,1.9828763659843043,1.8804459083654588,1.4821864674044574,1.0261079231915635,1.1661979688998503,1.8772381908938158,1.1329850279883056,1.3968648447941228,-0.795707442694824,1.6377963107766509,-0.9847754327055788,1.0894408401633784,-1.156053870385678,0.8745615553406907,-0.055512115919312786,1.5671296325366513,-0.7787668526856345,0.5669001029669981,-0.14969485702743773,0.1582096688576394,0.3325595210315764,0.5388223984083931,0.025998899830891948,0.05639611305873848,-0.016324266045529227,0.5466592280455425,0.37366623370337526,0.09155636602177543,-0.3857104824811751,-0.5692880693305312,member5_yes_approve_speed_change,member5,yes_approve_speed,change
-0.5528181102131849,0.9502057691767344,-1.7003568893734204,2.323466891795538,-1.5571717394349815,-0.33037717728960414,-1.474521751115283,0.6252422505405791,-0.9458229520685093,0.1604331966450718,-0.642622356689851,-0.34336911962350963,0.3531341516361393,0.4782482298775753,1.0156996226961732,0.7096941834040829,0.8690724986935328,1.2375276141716454,0.9172878416863662,1.513441203668567,1.399831007644429,2.235137831714145,0.5795942199449975,0.9218402746264505,1.9205132492255932,1.92861735396124,-0.7512787382575382,1.185319786065904,-0.9069481900164764,0.99496630790857,-1.11315942135156,0.6761637259034561,-0.0976240527559657,0.6304591816708196,-0.7394769173350214,1.0322012251217496,0.0023486411846356746,0.32582101797243807,0.5934267747544598,0.28463022336801613,0.23992170722715447,0.6950964992516848,0.27921015175162534,0.5497798162277902,0.5460984480026769,0.479023676434278,-0.17727192133719685,-0.1975684920473778,member5_confirm_transaction_original,member5,confirm_transaction,original
-0.6572163120036238,0.6312200873105772,-1.090291890732818,1.3540518920968778,-1.810177126109498,-0.5269347644697446,-1.458425222781261,0.6923251324117623,-1.491635618936228,0.4490040861318696,-0.9247441137263049,0.4093205452742462,0.23791471964794733,0.554609968535677,0.9439828784234184,0.4328031595902297,0.9533693187924599,1.2485637430576302,1.0389652629338866,1.13966596919062,0.624040460635507,1.5069477278374288,0.9858275343396038,1.2037606541641803,2.067313302869293,1.1559504642177347,-0.49839664821827895,1.2671314616490086,-0.6377413145135187,1.134738130103206,-0.7338644466396481,0.8084891115447825,0.07155480460517111,0.9325082328347936,-0.7868511840475152,-0.044091008178218295,0.003169702845315968,0.04093567270630098,-0.010990321210170748,0.043134605635129004,0.13313963740365448,0.22727088454006195,0.2504062502657045,0.5924145981841755,0.3803712796052087,0.47738904849246633,0.10789516086333288,0.13669467346987957,member5_confirm_transaction_pitch_shift,member5,confirm_transaction_pitch,shift
-0.6994168903285574,0.8686948392611424,-1.6960507280867354,2.596674624312686,-1.8156939692090968,-0.14495021312941414,-1.8088282946466596,1.2767885464036182,-1.5016564769357157,0.7309436862716361,-0.9890381924550133,-0.16779636512642981,-0.0008495322694934765,0.5822268301760755,0.7093917139773643,0.6257511129359725,0.7963820001191391,1.1096390615743514,0.833294328821009,2.0423826967587595,0.8048895729337785,2.3491108923518795,0.11006320208172306,1.2311023968016468,1.5058098302839507,2.1597682822100643,-0.6913638404743995,0.8717999830717416,-0.8030443334137951,0.8539679541289846,-0.9729434696859321,0.5970333125164253,-0.06434087716724907,0.4738839134797457,-0.7857064419709664,-0.11880149512869824,0.028863502463256734,0.41001799876394984,0.7772870746663512,0.319496141796128,0.28540933580357863,0.5683538065505912,0.21168312036412046,0.5292319355045152,0.5709676225232622,0.5140829019664106,-0.1757872383092084,-0.17120606375977934,member5_confirm_transaction_time_stretch,member5,confirm_transaction_time,stretch
0.9015330180434427,-1.314360030960953,-0.42278561709980544,-1.4608129821577538,0.06920154451179326,-1.1346776368664342,-0.22697325531371684,0.06558693377026545,0.23114424229321118,0.06093427210499756,0.6759585630067033,-0.18735928483626518,0.8891876567102712,-0.8375198254877051,-0.6853694411667473,-0.6619062966902027,-0.652088133201957,-0.7245337379927579,-0.43545698444576597,-0.40211501983851716,-0.39326200344217394,-0.4366461258061345,-0.740838856024939,-0.7089998821445976,-0.3894653053783827,-0.6734178676189538,1.9940613057385068,-0.3236829718848761,1.317183438817745,-0.8925799196474958,0.7439627967656912,-0.6314651988425061,2.3932743139853336,1.298012602394538,-0.5905093741768583,-0.16706165524775032,0.8242775778095628,1.1659403794352248,1.3893619961553774,1.2355047563687098,0.9260473394978025,1.2871055078168807,0.6811692838613468,1.2444139805038401,1.1982353853997834,1.2770273233811262,0.5387844748177373,0.6786225448601255,member5_confirm_transaction_noisy,member5,confirm_transaction,noisy
-0.7063779006075865,0.7864150332037673,-1.5107661051461323,2.1215836081121453,-1.4411273415079064,-0.5532664661927313,-1.455122290511216,0.6992027957481297,-1.0560868221215665,0.16381088541202726,-0.7724521980408039,-0.45540181179336625,0.29955754407416785,0.512128063457722,0.7676344351283668,0.6494681985626447,0.836188460769182,1.2878993440976159,0.8117166501685013,1.790838763196379,1.3441452219954761,2.469788470294607,0.35777581882554116,0.8921031477690002,1.6315744246801607,1.7503029656699303,-0.6962399305439176,1.0253617449204602,-0.8320117914309745,0.8917480313182059,-1.017175847803223,0.6277653689387306,-0.019100943839983456,0.8038318551303381,-0.7843994868257327,0.07741350881278346,-0.027519243834000496,0.22021750849544366,0.4838379636312571,0.16482228194256743,0.12035889464342428,0.5951227349500813,0.19966818526247188,0.45969749908820046,0.5579499137046674,0.41937717979057876,-0.22933752441473412,-0.293680122198888,member5_confirm_transaction_speed_change,member5,confirm_transaction_speed,change
-1.0150240891775963,0.5497778407298093,-0.7708922927959271,-0.4308912001448544,0.030542137209415503,0.4391675814022754,0.1445432241120465,-0.12263543667790992,-0.3326394466889982,1.0074738393005676,0.7246195354417039,-0.19028165357550345,1.1163527030579854,1.6883031484003574,1.6490921472060511,1.3123716143305486,1.1643552588527843,0.518039517735438,1.0763183934458942,0.8837623743234226,0.9961877053016785,0.7851879588964533,1.3438082484788134,1.1693288192217022,0.38254071087635794,0.8174114977217699,-1.03646369761084,0.10349014511849604,-1.120387879559622,0.546613694220298,-1.302744104144011,1.0468543754942656,-0.26646426385886607,-0.16412786165427434,-0.7192756075976154,3.20856369520688,0.3668182265137539,0.6129527574935574,0.5693142618694305,0.3971193162844931,0.4387138623129396,0.8063408084879292,0.631888773081011,0.952344908185432,0.8217531751401927,0.7339392424232812,0.0866454812970767,0.1321409247547324,member4_yes_approve_original,member4,yes_approve,original
-1.1832903499028424,0.6845868812987677,-1.0373756672632597,-0.3939555583290779,0.03534801760001142,0.359976352934234,-0.4043655299826897,-0.30145953113243334,0.1330162342324439,1.1189547139366853,-0.19100517408484532,0.010241502029378033,0.9393399913668065,1.926209005075398,1.2285740225402453,1.4348914016407526,0.6234932680359592,0.9374884833893948,0.7390112175784056,0.7707953761114484,1.0843920246609975,1.5690137490617357,1.2330552653506888,0.11716218348474387,-0.3739933005930927,0.2210589122597823,-0.9411097091596958,0.19068574325084056,-1.0196041792212693,0.6735933445170283,-1.122912323287119,1.0830271010625938,-0.26843456936133253,-0.12881047664472953,-0.7718778395645748,1.2953095172315638,0.20919402223414324,0.34111595408314793,0.5323229982526111,0.4123086061056537,0.09349221778891413,0.24161583104602474,0.33491826041633765,0.7526504950198366,0.8494501427309625,0.8559781371410482,0.14901229088141046,0.24449210422485515,member4_yes_approve_pitch_shift,member4,yes_approve_pitch,shift
-1.2005070238173496,0.8098877593425173,-0.9658547163923978,-0.16526484838375124,-0.07360749443461188,0.6330970017709227,0.047739162462311566,-0.052176767118418246,-0.5244717348647369,0.9773897934894544,0.538203221017238,-0.494802346091713,0.7991626198340142,1.8159326604639567,1.356643869204,1.3716733956231368,0.9793384227239661,0.8361086698435982,0.9256721735847457,1.0440568651138553,0.9588174824529654,0.7124474930070714,1.8658433804627057,1.299336839126731,0.49612347204253265,0.7863171284084431,-1.087086256890715,-0.025654345561559353,-1.1686421692974345,0.4248149874409881,-1.3305662267375156,0.7992741669302709,-0.3379351214985715,-0.4185019163986923,-0.7735576269084913,1.1622924835531472,0.12430367399751846,0.40709364993813657,0.45859640839630184,0.41035532551656834,0.5285848587701123,0.7264844353696481,0.42746739159734276,1.051539640773576,0.8458714372313259,0.5172712877523575,-0.10001817024551148,-0.09856493934836058,member4_yes_approve_time_stretch,member4,yes_approve_time,stretch
0.9037202664975071,-1.2721586699711644,-0.3780624239491922,-1.6126706375817539,0.13505803835832877,-0.7643675861113419,0.04332909348764528,0.29501325867524997,0.45606556186609487,0.07732471483473917,0.6987166328270334,0.10176296359533779,1.28741488437086,-0.7152669549204761,-0.3412258364811715,-0.48054921166437103,-0.5497720076981598,-0.6166498069051103,-0.694352271655167,-0.6746926949489073,-0.8718995926604395,-0.533198340083599,-0.31937511630021326,0.10333365705710236,-0.1652814875529231,-0.843066282010688,1.9458637214971362,0.3294636441973201,1.2987847686342686,-0.7252045618640607,0.7533545250845674,-0.6866723285893479,2.4252603887294186,1.812280874461491,-0.5563131810851022,1.8029151301778863,1.2712407519980675,1.6153721711067985,1.5292651354720341,1.4960711572226966,1.1070876766070732,1.2695423288537955,1.0031542940350142,1.5383970283129587,1.3018612254912758,1.342307953280483,0.6151021684842027,1.0348634499417324,member4_yes_approve_noisy,member4,yes_approve,noisy
-1.1819082835947832,0.6107853020844455,-0.8412091229839818,-0.2666762107003851,-0.01236065783656214,0.5217855842413476,0.15013290159619921,-0.016098928807797275,-0.35603725356720267,0.6517681132497491,0.5432949152330144,-0.22321759232696978,1.0948688820922263,1.7090546578712837,1.5039085623129949,1.3354448452310377,1.051943104467891,0.7101254976188448,1.1477542924897266,1.1309891754852568,0.980724473233628,0.6779264159646297,1.792195801615873,1.4284290621579916,0.44307627364620195,0.7620567935184086,-1.0738940278322677,0.04499533728130826,-1.1522338482719165,0.4693585446005688,-1.32837957527947,0.8532269504229698,-0.30067056567638833,-0.19009870731900486,-0.7742200104134506,1.2166039654227911,0.2863798770057154,0.611165357771514,0.5607478806460722,0.39354943100991574,0.3628817714832047,0.7105777188880326,0.42801953914341617,0.8738634473679695,0.7321498962815339,0.5607837396733054,-0.09965338512024555,-0.06706752570538983,member4_yes_approve_speed_change,member4,yes_approve_speed,change
-1.0614916745468568,1.1239576319105233,-1.2565941878668956,0.18366593931391473,-0.9793846717583241,0.7037040434230163,0.07845710308686198,-1.829873920892985,-0.10088172827097576,0.25467134022127663,-1.0286652518740063,0.46372189250559637,0.20276386551453493,1.6929322571072645,1.5889027850916944,1.9381257069997389,1.9307529880599097,1.9960805750505815,0.9535982226300028,0.5075396642111315,1.2214568240005883,1.4591587909368278,1.5435261178362671,1.1141827614322115,1.636412527342591,1.5010499967423796,-0.9892865179822867,0.7605823920453588,-1.206771625640684,0.7503914915388674,-1.4400975074500617,1.1468394059597116,-0.1625317580100121,0.750921659321347,-0.7261045216320031,1.4152385613552814,-0.17468248527446817,0.16806656156940913,0.17007513801742039,0.2124658914344095,0.06030243237220771,-0.4728252082921405,-0.05185342689216975,0.4233984567745605,0.38648684220954954,0.1779671831057063,-0.42227025808416946,-0.567539529188469,member4_confirm_transaction_original,member4,confirm_transaction,original
-1.1575648228227848,0.9010088551798873,-1.2265841679577476,-0.2616625262532027,-1.0162249818458144,1.0601648196986853,-0.8242196326501738,-1.600580138256864,0.3825963060903821,-0.4884317772045399,-0.21270564278541074,0.4599262114444131,-1.5993310715118434,1.857544379597639,1.4039751288753597,1.7950517438570528,2.10426996410954,1.456523530390401,0.9912605241730638,0.8013460234662017,0.73312253204551,1.4034703682946863,1.1408502790188846,2.254772148015482,1.7024621011805052,0.6660382372203004,-0.8082031799047771,0.9946338816513245,-1.0459346461564318,0.9373538498303972,-1.1957279570695762,1.2882892678646962,-0.024668061962432566,1.1059751369384467,-0.7655854175328612,0.5235661327063522,-0.19440255081211366,-0.3758399358626753,-0.12575555909447816,0.08336795981060909,-0.1305842979891167,-0.04676071092203827,0.04014089825457711,-0.25299840599120776,0.06464997823836224,0.28128537343992416,-0.22363264832706903,-0.09588566154714877,member4_confirm_transaction_pitch_shift,member4,confirm_transaction_pitch,shift
-1.1611342834244773,1.0371994209504554,-1.2732971871915488,0.14193291904125654,-1.1266692564275125,0.8428996521522516,0.13776673838572412,-1.8973825456753792,-0.22161440235484445,0.3887228190111335,-1.0397084630085156,0.528722536808628,0.19883514776564823,1.6775500111440655,1.4703368411929354,1.7881622859014228,2.051133558990926,1.8718942704433754,0.6562714283770416,0.813768231896987,0.9687490471882344,1.3722833488623567,1.5913171238133414,1.1364017149398193,1.39114292670222,1.5463563140434975,-0.9516859874729924,0.7183013502176879,-1.1864321883713669,0.6477056525608275,-1.4017313070421529,0.9902334477445873,-0.11317281853558955,0.7987268973287143,-0.7749043672746527,0.3225957082042217,-0.1133738178033236,0.40188492520857133,0.319182919511008,0.15795801594697714,0.041100790096197805,-0.3808821778775727,-0.05689514748509342,0.4528683638628105,0.3084473875594813,0.19678282766896654,-0.5385267855762733,-0.69914868632294,member4_confirm_transaction_time_stretch,member4,confirm_transaction_time,stretch
0.9103149972151855,-1.282640001883284,-0.5536420412677626,-1.8143464279119599,0.01568580048370067,-0.7365752215501926,0.14503708650813238,0.061219656057410116,0.4290686088689324,0.3935456938971909,0.7489584968839186,0.0038117021127496075,1.1777619230536964,-0.7617019416003032,-0.5976566210070693,-0.7872750188867511,-0.26223011700747006,-0.4838573775626927,-0.7069770974673275,-0.600732929671983,-0.8432357004529017,-0.7861198743318117,-0.4136348143490011,-0.6542640807941487,-0.8875824584319788,-0.4874620416643975,1.9574390444993703,-0.12700438418687224,1.3121603983605243,-0.8508395768752482,0.7624767875444729,-0.7032246816634083,2.3116801163164036,1.42426093995566,-0.5775367199492228,0.028333367846272266,0.9412904720693981,1.145143751217002,1.1861517929069598,1.1081487371131507,0.6804738026727173,0.8565357879778347,0.9684036860661631,1.4838743041478015,1.191079113352114,1.162665829161073,0.4503292102225121,0.6923593534892586,member4_confirm_transaction_noisy,member4,confirm_transaction,noisy
-1.2016779881961082,0.9637272702711246,-1.1899926257186433,0.10713937948142652,-1.0194529588722843,0.730048442041115,0.07554173896720398,-1.8766565937178141,-0.20166328218242896,0.15606000921028954,-1.0348942743475338,0.5174488749272108,-0.002854706809305766,1.7204100292548914,1.6400055984400546,1.8415654691506622,1.9409180321085746,1.8440160349890344,0.9271683154435422,0.5514119076262127,1.2420765028385627,1.4097548615446545,1.6773632849576208,0.8007416914669643,1.5488552954373336,1.5788419132050269,-0.9470174806822425,0.7087185494941804,-1.1691593210147,0.6921166029740413,-1.3934679256514872,1.048953686912979,-0.11064196464868484,0.781739101388666,-0.7742015943240201,0.485477373850872,-0.3744551572551093,0.052370054021678034,0.09388609808749242,0.13397312651405202,0.12764679321207809,-0.41337192105094656,-0.2094500379806278,0.2634914482430932,0.29279637312595486,-0.04741002084862732,-0.6098741584234428,-0.7125657187751646,member4_confirm_transaction_speed_change,member4,confirm_transaction_speed,change
1.1336622210045681,-0.886098825560767,1.2409913309845935,0.1064977678461969,1.0348161319092304,-0.520436909744193,-0.31655122542069725,-1.0370972759965584,-1.1658690196595802,-1.732149964396029,-0.9970529028463503,-1.0987790117573824,-0.3729614183641748,-1.0250248534339481,-1.0524019449266977,-0.9379350846315334,-1.032874099992139,-1.0325411575510468,-1.0473321850300963,-1.097405627492142,-1.1470557338422482,-1.0452505630639102,-1.0564952325785546,-1.0957176166183284,-1.0445688948413316,-1.1310326591059066,0.6657671273804748,-1.023743149440689,0.9998760338311277,-1.0080199869515616,1.165938123617868,-1.0770291425855856,-0.5935514908441082,-1.100231657188779,1.3634047969136758,0.011834135473398132,-1.4170248408093582,-1.280912257098783,-1.2938111560253562,-1.4244746836834359,-1.1920655639397921,0.5490486520257045,2.067286094199855,-0.16391575779311732,-1.208374824176493,-1.6052437970099818,-1.449540215682543,-1.646572329080969,member1_yes_approve_original,member1,yes_approve,original
0.8758165161308118,-0.8154629665524544,1.120376110234023,0.27693823596351075,0.6642790536001263,-0.6768751734655633,-0.8621900976340185,-1.10243441232023,-1.7964788157273799,-1.1218407591410484,-1.3403311548305286,-0.48683826686991066,-1.1303558850744204,-0.9266080613546105,-1.0465566888429705,-0.9320217829786042,-0.9991502613983952,-0.9919925243224683,-0.9530571543939864,-0.8989522567922356,-0.9900327455203374,-0.8976329339152279,-0.9991367323510227,-1.0712656627961086,-0.8257723734218507,-0.873241303639515,0.12389486918254329,-1.1599601449137924,0.6550654235580003,-1.0311132186254572,0.8353205223235967,-1.089138949155386,-0.6445992000236712,-1.1320556341965244,1.1394023781471618,0.06295053819291413,-1.4427985128102978,-1.3734600436285405,-1.2997755490680056,-1.3743632016591236,-1.3578952468008505,-1.764876562716821,-1.2617523992941198,0.4203330410256842,2.4981880079915086,-0.3320262150520279,-1.4000056043035591,-1.650417276051298,member1_yes_approve_pitch_shift,member1,yes_approve_pitch,shift
0.9373337239949446,-0.7974450252861013,1.53517822227956,0.41461190358211397,1.1769183351477082,-0.49359980524617875,-0.4048916130439957,-1.2277160364786837,-1.3599028899050538,-2.0103630486022146,-1.217299882059969,-1.260106884065597,-0.7517507809063546,-0.9082300585589165,-1.0819403561916057,-0.9699644883442617,-1.036952246322845,-1.0324659074998455,-0.9203245498080003,-0.9571383925055669,-0.9950552472753805,-1.0395063257547184,-0.9743635061953851,-1.0226420386369706,-0.8822719400232988,-0.9459407073281376,0.24730765372833846,-1.0477161700602955,0.8067011759974796,-0.974798648778933,1.0632007203689848,-1.0377681893998205,-0.6668022924719933,-1.1172244141425616,1.3495312521004994,0.013379885836325791,-1.4230249272888817,-1.2888488738501798,-1.3001614590625925,-1.431248020772808,-1.2000581956898104,0.5420685105445188,2.067286094199855,-0.17055096885910556,-1.2149878023639475,-1.6118451197355874,-1.4538841270311615,-1.6520797855119747,member1_yes_approve_time_stretch,member1,yes_approve_time,stretch
1.2512843661585955,-0.9344499970539237,1.0841670628374898,-0.05761810357795928,0.9675458100719059,-0.49870215017175323,-0.25448074634888124,-0.8794830376289355,-0.9927475504596853,-1.5851355539012626,-0.8186240271647269,-1.02691651858187,-0.4142647437559202,-1.0177331662669318,-1.0750640582314837,-1.0149240470483596,-0.9993935933902139,-0.9406269936016968,-1.075029995026922,-1.0427590850272759,-1.0103723533374296,-0.9370893063506661,-0.9803701206315317,-0.972679144501887,-1.0342021220347084,-1.1156212792498073,0.8881991460109406,-1.0188442071831851,1.081005051582437,-1.0154782552152983,1.1785123286537087,-1.0932923168929967,-0.5304403786264554,-1.1107332404304122,1.377192286506741,0.039490655572529496,-1.4114344151520355,-1.274859034978903,-1.2878815824902106,-1.4180894806798852,-1.1868000737988877,0.5529818562859079,2.067286094199855,-0.15965114622281756,-1.203646653651871,-1.5997736989015854,-1.4451432906363355,-1.6406960583843708,member1_yes_approve_noisy,member1,yes_approve,noisy
0.9251027940611471,-0.8489202770898352,1.4951080752863752,0.41215543662026394,1.1837103281469181,-0.45094300277544425,-0.3550882097749843,-1.2808985406205324,-1.5965183038602864,-2.199438025598794,-1.326403805110261,-1.1893781174626759,-0.48733749456710984,-0.9415767644509081,-1.0897474945457,-1.0148235265963936,-1.031713422300094,-1.062809468227651,-1.0483474429698538,-1.0510426168893192,-1.1126767496870031,-0.8509917127449838,-0.9309230027647778,-0.8663164632177347,-1.0284003631626606,-0.8439675726179224,0.3563543678519054,-1.1722042585854058,0.8681857267385186,-1.0268739812247507,1.103963389080073,-1.0803103307157447,-0.644615831553595,-1.1210056709466243,1.152176540290751,-0.49511055705787016,-1.4208368086219358,-1.2816253432064169,-1.2991115860291282,-1.4325834617887567,-1.202078111231442,0.5401919781010264,2.067286094199855,-0.17432377853059117,-1.2166770287230686,-1.6117949241837257,-1.4539105032377846,-1.6516803313246056,member1_yes_approve_speed_change,member1,yes_approve_speed,change
1.1469408312550737,-0.903752092896627,1.3532109556330123,0.6028048446633928,1.7282744925482112,1.0136612500746647,1.1123377417381304,1.500172591594165,0.8994903476636997,-0.07779841225994771,0.021637320340176507,-0.965385697075367,-1.0058902771717044,-1.0180626581962255,-1.1292961081125432,-0.9574975428411755,-0.9549138357724519,-1.0510636441124006,-1.0841092649150688,-1.055081696390429,-1.0279062438565578,-0.9316645079235423,-1.1900133773546455,-1.157585803977383,-1.0128530438658458,-0.9619495012840227,0.643523577150816,-1.048645033239604,0.9979104610206779,-1.0308708466689545,1.1929577759365713,-1.1017880227592192,-0.6025103416297483,-1.0921795251047048,1.4545700903724514,0.1362195737502992,0.22242413277036882,-1.0092826932919372,-1.2784055662022045,-1.4204104114703717,-1.346128203715668,-1.6481248965214321,-1.2601780119162187,-1.376456415327071,-0.9018384754701492,-0.13983126138717383,1.7145675000072786,1.7630258442429543,member1_confirm_transaction_original,member1,confirm_transaction,original
0.8910070665620032,-0.8327934850826822,1.3159947042974194,0.7518116002698114,1.4741612262404618,1.1269859548491223,0.7228909214561673,1.5221590429367649,0.1447054477752474,0.1983871256474947,-0.7840138711169943,-0.5691474018808552,-1.2914516210401958,-0.9384492780344632,-1.0657709471021177,-0.9297479106003507,-0.91690320361897,-1.0072879833257777,-0.8866687798464781,-0.9215562796883553,-1.0312293455042394,-0.9136705023962334,-1.0909037687597396,-1.052246196043372,-0.5238190527144804,-1.0049510208400518,0.08914668664290028,-1.133131276611687,0.6498075162900476,-1.0260652148379485,0.886110748161484,-1.076570407253223,-0.6875750733468655,-1.1284148705348687,1.241404501990437,0.11851847138308252,2.3156214296467135,1.6748566718544449,-0.8054266131349661,-1.390844834748356,-1.3599386726337368,-1.7618760785052132,-1.3342044845430538,-1.3466600424084612,-1.2642648933631062,-1.5241530026592123,-1.00510782052172,0.9500384020213771,member1_confirm_transaction_pitch_shift,member1,confirm_transaction_pitch,shift
0.9455182510772285,-0.8278871845757367,1.6569208477277,0.9141314608312597,1.9878205330710899,1.2576620374349041,1.2767656473722773,1.7172356995548335,0.8690285358262299,-0.3157389369028327,-0.34512116137028326,-1.3625801816752945,-1.8285884647466424,-0.9244318294562847,-1.126841802719084,-1.0530147025422805,-0.9716218565493527,-1.0239949942406186,-1.0209792631870216,-1.0524136357114688,-1.0410884839448173,-0.8760198377871325,-1.07890467019552,-1.1038203720275088,-0.8824157589908641,-0.648158277882466,0.23199376868267055,-1.0128392300016267,0.8233860226978484,-1.0167730046531187,1.106334030891272,-1.0848447864932447,-0.6838976572859283,-1.1028918187321646,1.4412797330715172,0.11915885624967242,0.21623598917469228,-1.0219259983401792,-1.290327476373788,-1.4321839364088815,-1.356723359031092,-1.6644472302655793,-1.272796110696583,-1.3896033386382958,-0.9137608007224982,-0.15114426482357335,1.7145675000072786,1.763125898828826,member1_confirm_transaction_time_stretch,member1,confirm_transaction_time,stretch
1.2581520791352607,-0.9583301842635282,1.1526236107146115,0.3924504256856741,1.5967138605615734,0.8563275969908192,1.0743835325715863,1.4965049444201495,0.896962401747117,0.029125155984394444,0.056279249412399514,-0.7914058394224438,-0.7907923320319373,-1.0160955461582293,-1.1330341626550116,-1.0062575876352313,-0.9898231978325973,-1.0324450103969662,-1.1281891493294598,-1.045277781979793,-0.9715614242322907,-0.9851217152258611,-1.178029428655235,-1.1672280255161476,-0.9551582615582648,-0.9737828575236958,0.85595579778306,-1.0523844547537322,1.0712754661707111,-1.0331249847812927,1.1995760142913185,-1.1089918337989728,-0.5388226697080692,-1.0778852386615456,1.4657335765687345,0.1545291768430688,0.23043296978478975,-0.9987142843818453,-1.2676189695136504,-1.4090324372270537,-1.336470999764296,-1.6362648254859524,-1.2521384942696399,-1.367441471060045,-0.8936223322450622,-0.13239535989815485,1.7145675000072786,1.7651415298645934,member1_confirm_transaction_noisy,member1,confirm_transaction,noisy
0.9386195631556028,-0.8402917563361976,1.602230433647258,0.8101584587734919,1.8533213588617312,1.22009949468138,1.2698550975549585,1.788387330100808,0.9777521121936084,-0.20090453147292336,-0.3481289179911293,-1.2694771147928827,-1.412880744998304,-0.9554669030429902,-1.1489582535363139,-1.0290712425931097,-1.002414286329439,-1.0469779889320878,-1.009704401729991,-1.0200407055598268,-0.8621088753782611,-0.9280647267619522,-0.9302994858248573,-0.8808209321132245,-1.0914746566453695,-1.0472952416237058,0.3109173060548459,-1.1203550848888675,0.8530446736830237,-1.0284899651110526,1.127971349133726,-1.0967192355156052,-0.6653553493686195,-1.1332927553991672,1.2439156259924844,-0.33109799515455285,0.21631295669303427,-1.0232143977801094,-1.291404547348139,-1.4319305466408536,-1.3554627267909272,-1.6529857290877374,-1.2646647411475829,-1.3895996457465882,-0.9138058157073954,-0.1491451297097963,1.7145675000072786,1.7590524121258633,member1_confirm_transaction_speed_change,member1,confirm_transaction_speed,change
